"Metric","Statistic","P_Value"
"Mean_Coverage",0.231239299818831,0
"Allele.frequency",0.152730064328349,0
"popmax_af",0.0911366277792525,0
"SiteQuality",0.308867274716249,0
"AS_FS",0.186111975351089,0
"AS_MQRankSum",0.0405632168688988,1.81588077907691e-11
"AS_pab_max",0.0879047761707069,0
"AS_ReadPosRankSum",0.0645123166043829,0
"AS_SOR",0.0674604261610949,0
"AS_VarDP",0.153033744029087,0
