Gene,hg38_spkm,galGal6_spkm,mm39_spkm,rn7_spkm,danRer11_spkm,bosTau9_spkm
RNU5E-1,0.045960994977582076,0.31288168877203176,0.0,0.0,0,0
RNU5D-1,0.036818216406772734,0.0,0.0,0.0,0,0
SNORD118,0.05485667142485602,0.6257633775440635,0.3332172963966673,0.37765552333318064,0,0
SNAR-B2,0.037806624900914285,0.0,0.0,0.0,0,0
TRG-CCC5-1,0.01655584227687096,0.0,0.0,0.0,0,0
MIR4538,0.0237218038593972,0.0,0.03332172963966673,0.0,0,0
SNAR-C4,0.03533560366556041,0.0,0.0,0.0,0,0
RNU5F-1,0.04052474825980355,0.0,0.0,0.0,0,0
TRK-TTT3-2,0.020015272006366387,0.0,0.0,0.0,0,0
