Gene,hg38_spkm,galGal6_spkm,danRer11_spkm,rn7_spkm,mm39_spkm,bosTau9_spkm
RNU5D-1,2.1600507284536374e-07,,,,,
RNU5E-1,1.9200450919587888e-07,,,,,
RNU5F-1,2.1600507284536374e-07,,,,,
TRG-CCC5-1,1.200028182474243e-07,,,,,
