"Tissue","KS_Statistic","P_Value"
"embryo",0.0170099228095774,0.553451820883734
"blood",0.0243718077180111,0.0451646429515827
"brain",0.04746392280615,5.4376063163275e-06
"epithelium",0.012638940358236,0.889085658517689
