"Tissue","KS_Statistic","P_Value"
"embryo",0.0214704213519251,0.157893812241933
"blood",0.0141395657668089,0.416523796693339
"brain",0.0255176625400474,0.0230771394837814
"epithelium",0.0118655557373748,0.704252020186133
