"Tissue","KS_Statistic","P_Value"
"embryo",0.0214704213519251,0.157893812241933
"brain",0.0255176625400474,0.0230771394837814
"epithelium",0.0112041503625317,0.910232366131895
"blood",0.0118996801959447,0.990849014394849
