"Tissue","KS_Statistic","P_Value"
"embryo",0.731203226069059,0
"blood",0.227786403200054,0
"brain",0.515288512229815,0
"epithelium",0.335642590539658,0
