"Tissue","KS_Statistic","P_Value"
"brain",0.576980264367802,0
"epithelium",0.428659746188755,0
"embryo",0.759939489271388,0
"blood",0.22854104350983,0
