"Tissue","KS_Statistic","P_Value"
"embryo",0.801007095445182,0
"blood",0.271738512014262,7.39797112458973e-12
"epithelium",0.566550441335951,0
"brain",0.552967602464958,0
